time,lat,lon,depth,east_shift,north_shift,distance_border,semblance,azimuthal_coverage,n_stations,n_picks,uncertainty_horizontal,uncertainty_vertical,WKT_geom
2024-06-01 00:01:50.500000+00:00,50.020829,11.970901,4.82,-27084.22,-22077.96,10906.25,0.1515282541513443,104.89268901396477,23,2,1356.7683341307757,593.75,POINT Z(11.970900542006708 50.02082943166146 -4.816549958821996)
2024-06-01 00:27:23.110000+00:00,49.951884,12.060215,13044.11,-20733.04,-29772.87,6968.75,0.1563289314508438,51.88314004759059,26,3,1001.9512213675873,875.0,POINT Z(12.060215100169444 49.95188420527571 -13044.114592664942)
2024-06-01 00:59:49.550000+00:00,49.851917,12.005125,1679.0,-24725.75,-40871.86,9093.75,0.10430464893579483,0.0,26,1,1471.0752869924775,2500.0,POINT Z(12.005125306081565 49.85191718002592 -1678.9960082905907)
2024-06-01 01:13:57.730000+00:00,49.933057,12.073865,13693.29,-19764.18,-31870.09,6281.25,0.13281221687793732,102.44337129818808,26,2,1231.107225224513,937.5,POINT Z(12.073864924399263 49.933056655480165 -13693.289889971928)
2024-06-01 01:32:09.010000+00:00,50.547801,12.504182,869.93,10894.12,36461.06,13531.25,0.1383129060268402,0.0,26,2,197.64235376052372,2750.0,POINT Z(12.504182321474357 50.54780068529938 -869.9316356669882)
2024-06-01 02:26:48.390000+00:00,50.264529,12.301121,501.87,-3474.33,4952.58,19468.75,0.15597787499427795,175.85182021805556,26,4,760.98722886787,1562.5,POINT Z(12.301121320691763 50.26452938316006 -501.86877099298897)
2024-06-01 03:28:54.870000+00:00,49.863942,12.147413,2193.75,-14520.9,-39572.15,10406.25,0.14762769639492035,0.0,26,1,1337.5584099395435,4750.0,POINT Z(12.147412525150104 49.86394197865337 -2193.75048437555)
2024-06-01 03:48:00.360000+00:00,49.83938,11.980085,11623.12,-26527.87,-42257.3,7718.75,0.1667606234550476,0.0,26,1,1383.849364092783,1781.25,POINT Z(11.980085213023521 49.83938022899759 -11623.118891186945)
2024-06-01 04:02:21.600000+00:00,49.81,12.18495,264.1,-11843.57,-45576.82,4406.25,0.1307872086763382,0.0,25,1,1257.7882373436316,1687.5,POINT Z(12.184949718665656 49.81000015281907 -264.1021577057048)
2024-06-01 04:09:39.350000+00:00,49.957863,12.05077,889.22,-21406.16,-29105.44,16593.75,0.14302513003349304,0.0,25,2,132.58252147247765,1968.75,POINT Z(12.050769672010277 49.95786263937741 -889.2219275528055)
2024-06-01 04:15:48.010000+00:00,49.824436,12.167986,2223.78,-13056.91,-43968.82,6031.25,0.21386060118675232,0.0,26,2,1112.7808634228036,4937.5,POINT Z(12.167986387492338 49.824435843356994 -2223.7821390055237)
2024-06-01 04:24:45.750000+00:00,50.607899,12.687209,1932.95,23795.93,43186.31,6843.75,0.13119074702262878,113.39772024159254,26,2,3781.7664936508177,4500.0,POINT Z(12.6872091754952 50.607898980998485 -1932.9461367567037)
2024-06-01 04:36:31.820000+00:00,49.827006,11.913526,2602.68,-31309.0,-43607.43,6406.25,0.1740226298570633,42.597069544196984,26,3,565.9615711335886,3500.0,POINT Z(11.913526482291365 49.82700630371049 -2602.682506213636)
2024-06-01 04:48:30.150000+00:00,49.821407,12.17021,7490.2,-12898.22,-44306.05,5656.25,0.14033932983875275,158.17248687855854,26,3,2664.8757006659803,2500.0,POINT Z(12.17020976901256 49.8214065114659 -7490.20329107218)
2024-06-01 04:58:32.610000+00:00,50.245294,12.32269,74.11,-1941.98,2812.87,19906.25,0.2785707712173462,1.4084529476122611,26,3,438.6146514880687,156.25,POINT Z(12.322690229945243 50.24529358569564 -74.11084410003131)
2024-06-01 05:09:14.630000+00:00,49.794847,11.911002,127.61,-31511.05,-47182.29,2843.75,0.17963409423828125,50.44468293478582,25,2,18792.140145550213,1718.75,POINT Z(11.911002126274797 49.794846858057454 -127.60846700948295)
2024-06-01 05:09:43.060000+00:00,49.826555,12.166798,1302.72,-13141.62,-43732.98,6281.25,0.1991174966096878,11.59532963023554,25,4,850.0919067959652,2125.0,POINT Z(12.166797506860132 49.82655494327321 -1302.7226510958237)
2024-06-01 05:23:14.240000+00:00,49.873598,12.134711,221.74,-15428.19,-38495.9,11531.25,0.18025913834571838,0.0,26,2,407.45015032516557,2968.75,POINT Z(12.134711393970338 49.87359806257063 -221.73533968835116)
2024-06-01 05:32:48.720000+00:00,49.84447,11.908961,6415.58,-31625.05,-41663.71,6343.75,0.18466266989707947,29.724819759474656,26,3,332.19205664795777,2500.0,POINT Z(11.9089609753538 49.8444695430966 -6415.578920351442)
2024-06-01 05:36:38.910000+00:00,50.009359,12.069314,-31.85,-20058.02,-23384.5,17906.25,0.19801409542560577,0.0,26,2,11816.632874892915,13468.75,POINT Z(12.069314404143377 50.00935892570454 31.849261433004926)
2024-06-01 05:37:34.740000+00:00,49.884272,11.972221,11788.11,-27066.65,-37262.77,8218.75,0.1933143436908722,115.01794876023098,26,4,10763.118812059078,12500.0,POINT Z(11.972220700503652 49.88427218192388 -11788.108356797431)
2024-06-01 05:39:42.050000+00:00,49.903174,12.028318,2529.53,-23038.42,-35179.86,14781.25,0.22519312798976898,98.48112325609793,26,3,3938.615913300001,10000.0,POINT Z(12.028318459610205 49.903173631596566 -2529.5325234506836)
2024-06-01 06:04:53.860000+00:00,49.846589,12.157406,3340.86,-13809.55,-41503.66,8468.75,0.1430208384990692,132.2957423139746,25,3,475.98581911649427,2250.0,POINT Z(12.157406107885443 49.846588511374996 -3340.860405385395)
2024-06-01 06:16:30.890000+00:00,49.887088,12.180442,2101.43,-12147.58,-37004.29,13031.25,0.1782810539007187,77.85690048295669,26,2,11662.07126757507,5375.0,POINT Z(12.180442404948597 49.88708835940455 -2101.430349309401)
2024-06-01 06:18:55.470000+00:00,49.874077,12.021548,4187.07,-23537.53,-38413.13,11593.75,0.1966627836227417,80.02408321165603,26,2,139.75424859373686,2375.0,POINT Z(12.021547815364437 49.874076962518195 -4187.06890542444)
2024-06-01 06:24:36.970000+00:00,49.856645,12.188096,2425.79,-11606.6,-40390.64,9593.75,0.23041898012161255,64.0773382469618,26,3,88.38834764831844,1437.5,POINT Z(12.188095789699407 49.85664510417384 -2425.785081757168)
2024-06-01 07:03:21.430000+00:00,50.219306,12.423296,-12.42,5214.9,-74.61,19968.75,0.20841385424137115,196.46300375427214,26,5,475.98581911649427,1218.75,POINT Z(12.42329636030981 50.21930596200549 12.421194972408955)
2024-06-01 07:08:20.860000+00:00,50.612754,12.680223,-3.7,23300.55,43723.93,6218.75,0.11668568849563599,0.0,26,2,1355.6882477177414,1656.25,POINT Z(12.680223238779357 50.61275375122888 3.700988277350781)
2024-06-01 07:37:06.600000+00:00,49.830201,12.06003,4684.19,-20798.78,-43303.3,6656.25,0.21521103382110596,63.760600988551005,26,4,128.8470508005519,625.0,POINT Z(12.060029514542228 49.83020101546521 -4684.185798228908)
2024-06-01 07:45:56.480000+00:00,49.830539,12.165508,4118.5,-13233.04,-43289.69,6718.75,0.24913349747657776,0.0,26,2,400.19526483955303,2125.0,POINT Z(12.16550777023806 49.8305394732346 -4118.501848117632)
2024-06-01 07:48:06.280000+00:00,49.830712,12.212467,1747.83,-9864.81,-43277.78,6718.75,0.24911834299564362,24.444115786204293,26,3,139.75424859373686,3000.0,POINT Z(12.212466561418243 49.83071190476821 -1747.8296813946067)
2024-06-01 07:48:29.460000+00:00,49.993172,12.015996,3617.01,-23876.2,-25168.68,14156.25,0.24314531683921814,52.04669292660947,26,3,98.82117688026186,1750.0,POINT Z(12.01599619594996 49.993172209449035 -3617.0081313956275)
2024-06-01 07:54:02.950000+00:00,50.009717,12.104455,762.7,-17546.75,-23353.56,19281.25,0.16160736978054047,0.0,26,2,475.98581911649427,1750.0,POINT Z(12.10445464746709 50.0097168286303 -762.6952731023462)
2024-06-01 07:58:14.180000+00:00,49.824024,12.146431,5326.13,-14603.3,-44010.66,5968.75,0.19037069380283356,25.187898700019673,26,3,1069.8276730389807,5000.0,POINT Z(12.146431392935225 49.82402368461083 -5326.128602830454)
2024-06-01 08:14:07.590000+00:00,49.951169,12.089308,1999.98,-18651.83,-29860.12,17968.75,0.1779770702123642,56.309555416222736,26,2,250.0,1312.5,POINT Z(12.089308106460567 49.95116861635277 -1999.980916014941)
2024-06-01 08:28:01.210000+00:00,49.810412,12.245756,1893.17,-7480.22,-45538.89,4468.75,0.27695608139038086,44.529629684027555,26,4,288.11076429040276,3875.0,POINT Z(12.245755960067303 49.81041195084826 -1893.1676607049694)
2024-06-01 08:30:09.920000+00:00,49.869954,12.147383,790.01,-14521.2,-38903.62,11093.75,0.20177386701107025,0.0,26,2,197.64235376052372,3375.0,POINT Z(12.147383061463108 49.86995417136219 -790.0068673174895)
2024-06-01 08:48:10.500000+00:00,49.853187,12.216225,424.72,-9590.73,-40779.15,9218.75,0.25249403715133667,77.31283606808489,26,5,395.28470752104744,2937.5,POINT Z(12.216225332471213 49.85318706727612 -424.72219496809527)
2024-06-01 09:18:15.730000+00:00,49.793977,11.904887,9199.62,-31950.55,-47276.41,2718.75,0.19421477615833282,37.78184898792057,26,3,1736.8366539487818,5468.75,POINT Z(11.904887091922658 49.7939770938445 -9199.615369834955)
2024-06-01 09:58:56.160000+00:00,50.180919,12.470108,10472.27,8552.37,-4338.7,9531.25,0.27564653754234314,179.53305310643603,26,10,1007.7822185373187,1718.75,POINT Z(12.470108469471496 50.18091923573404 -10472.27327010595)
2024-06-01 10:01:07.430000+00:00,49.825836,12.166784,2055.86,-13142.8,-43812.96,6156.25,0.24229657649993896,3.3924753335276137,26,4,773.0823048033113,6500.0,POINT Z(12.166783727823951 49.82583562443398 -2055.860160980046)
2024-06-01 10:07:03.900000+00:00,49.850117,12.11094,4627.79,-17140.02,-41101.7,8906.25,0.1416734904050827,54.83629221370455,26,3,632.7642728536433,2968.75,POINT Z(12.11094040385896 49.85011686673624 -4627.793736596878)
2024-06-01 10:11:38.930000+00:00,49.821958,12.186839,362.59,-11705.13,-44247.48,5781.25,0.2772451639175415,54.427334290539534,26,4,573.6737422089318,3062.5,POINT Z(12.186838666277062 49.821957844346386 -362.5861851726924)
2024-06-01 11:01:14.330000+00:00,49.844625,12.154799,7156.61,-13997.05,-41721.51,8281.25,0.24677716195583344,57.884377217178724,26,4,23411.56898842963,4875.0,POINT Z(12.154799139663837 49.84462495553208 -7156.609284108691)
2024-06-01 11:04:36.700000+00:00,50.049833,12.099516,10422.96,-17884.73,-18891.74,9593.75,0.3019782602787018,152.35717396581518,26,7,93.75,343.75,POINT Z(12.09951562101856 50.049832523751526 -10422.960611931458)
2024-06-01 11:23:47.610000+00:00,49.882243,12.033364,2364.14,-22686.88,-37508.78,12468.75,0.23751989006996155,0.0,26,2,190.08632907181936,1250.0,POINT Z(12.033364473354014 49.88224288229199 -2364.138130815821)
2024-06-01 11:32:00.460000+00:00,49.98735,12.07741,16.38,-19488.46,-25833.92,18468.75,0.19976219534873962,206.2626711746808,26,6,1470.0791857923844,1218.75,POINT Z(12.077409580550578 49.98734997032424 -16.384486359483518)
2024-06-01 11:51:42.670000+00:00,49.811446,12.175693,1817.13,-12507.42,-45414.49,4593.75,0.17872922122478485,146.63942668943446,26,3,69.87712429686843,1250.0,POINT Z(12.17569315120461 49.81144646648568 -1817.1327780867534)
2024-06-01 12:38:27.410000+00:00,49.984322,12.084086,1602.43,-19012.32,-26172.32,18406.25,0.2135322242975235,0.0,26,2,364.4344934278313,2500.0,POINT Z(12.08408626885812 49.98432210281776 -1602.4268120376612)
2024-06-01 12:45:34.810000+00:00,49.861453,12.148071,1751.97,-14474.44,-39849.04,10156.25,0.20443543791770935,54.774886161380095,26,3,8573.669721886889,1000.0,POINT Z(12.148071134922876 49.86145298987421 -1751.9681958670462)
2024-06-01 12:47:47.210000+00:00,49.86575,12.026334,2519.75,-23198.56,-39340.55,10656.25,0.20195019245147705,0.0,26,2,197.64235376052372,3250.0,POINT Z(12.026333850786694 49.86574984534216 -2519.7467931038996)
2024-06-01 13:09:49.120000+00:00,49.836026,12.313495,8728.42,-2618.11,-42695.36,7281.25,0.22545106709003448,70.85443548228807,25,4,225.34695471649934,1250.0,POINT Z(12.313494822495427 49.83602561716392 -8728.419508494058)
2024-06-01 13:13:46.910000+00:00,49.808965,11.969303,3541.73,-27318.29,-45635.4,4406.25,0.258022278547287,49.29681815766412,26,2,200.09763241977652,2000.0,POINT Z(11.969303058253429 49.80896495759722 -3541.7251137948197)
2024-06-01 13:18:43.840000+00:00,49.843659,12.174612,2430.11,-12576.62,-41832.42,8156.25,0.21325300633907318,0.0,26,2,312.5,2812.5,POINT Z(12.17461182529712 49.84365920900207 -2430.108290374922)
2024-06-01 13:27:56.850000+00:00,49.859199,11.949191,1940.17,-28731.6,-40042.19,9281.25,0.24082644283771515,57.14558343124111,26,5,970.7640354380667,3437.5,POINT Z(11.94919069476167 49.859198552126976 -1940.168964213658)
2024-06-01 13:34:37.730000+00:00,49.800832,12.094362,656.69,-18347.37,-46577.91,3406.25,0.22342804074287415,90.5930204272733,26,2,176.7766952966369,1562.5,POINT Z(12.094361886657458 49.80083246504838 -656.6946194613628)
2024-06-01 13:50:46.630000+00:00,49.959983,12.124108,3.3,-16159.04,-28888.08,19968.75,0.20586135983467102,99.575049112167,26,4,364.4344934278313,2468.75,POINT Z(12.12410789643139 49.959983400298846 -3.297888093311876)
2024-06-01 13:55:21.260000+00:00,49.829023,11.87709,14608.5,-33921.21,-43367.25,4093.75,0.1772487461566925,39.68654928709117,26,3,10094.088616611209,14437.5,POINT Z(11.877089927926031 49.82902321790246 -14608.498619767583)
2024-06-01 13:55:56.790000+00:00,49.82072,12.010267,2040.3,-24372.89,-44342.47,5656.25,0.2122489959001541,128.79305874476086,26,4,44.19417382415922,1968.75,POINT Z(12.010266690015712 49.82072018371294 -2040.2999329447023)
2024-06-01 14:10:18.410000+00:00,50.360562,12.491417,4956.83,10031.75,15639.35,15031.25,0.40520092844963074,115.03849416001805,26,11,44.19417382415922,781.25,POINT Z(12.491417150075213 50.360562399059944 -4956.8261028133675)
2024-06-01 14:10:40.670000+00:00,50.359121,12.491377,4110.02,10029.18,15479.07,15906.25,0.5465440154075623,180.17847898055095,26,14,88.38834764831844,750.0,POINT Z(12.491376603836109 50.359121075536386 -4110.023115482252)
2024-06-01 14:12:41.630000+00:00,50.369218,12.47119,6330.0,8595.32,16599.3,13656.25,0.2890997529029846,187.15871644041871,26,8,3444.0278925990133,6125.0,POINT Z(12.471189880251513 50.369218251706776 -6329.995128266726)
2024-06-01 14:13:46.170000+00:00,50.366647,12.481224,6326.98,9307.51,16314.55,13656.25,0.2944328784942627,140.510792484739,26,8,2304.886114323222,6187.5,POINT Z(12.481224328175951 50.366646532406754 -6326.97634240325)
2024-06-01 14:15:36.650000+00:00,49.974129,12.096027,1490.07,-18162.47,-27308.75,18531.25,0.18815936148166656,122.73691350894111,26,4,1587.6107244850673,2937.5,POINT Z(12.096026502167804 49.97412867313854 -1490.0701018449486)
2024-06-01 14:19:12.850000+00:00,49.967133,12.088828,16.87,-18679.97,-28084.81,19281.25,0.2175949215888977,0.0,26,2,803.4350082614026,1468.75,POINT Z(12.088828072887305 49.96713334359633 -16.86854502819098)
2024-06-01 14:20:09.900000+00:00,49.820605,12.090517,9385.42,-18615.73,-44378.35,5656.25,0.27747541666030884,97.62882846184709,26,2,139.75424859373686,1125.0,POINT Z(12.090516566801048 49.82060516398084 -9385.419527392229)
2024-06-01 14:25:21.260000+00:00,49.79527,11.972303,1837.41,-27110.73,-47159.33,2843.75,0.21289370954036713,24.888991715640827,26,3,3713.362694378237,6750.0,POINT Z(11.972302645597305 49.79526961012117 -1837.4139836779239)
2024-06-01 14:28:48.640000+00:00,49.883158,12.063458,2041.33,-20530.33,-37415.68,12593.75,0.17557239532470703,67.5056816157267,26,4,475.98581911649427,4750.0,POINT Z(12.063457703817818 49.88315848161011 -2041.328725155269)
2024-06-01 14:32:17.260000+00:00,49.906109,12.046115,559.38,-21762.51,-34858.78,15156.25,0.17642296850681305,117.59929916056078,26,4,441.9417382415922,8875.0,POINT Z(12.04611528873623 49.90610922824122 -559.3768887212482)
2024-06-01 14:45:34.210000+00:00,49.969655,11.93242,12646.38,-29865.19,-27753.52,7343.75,0.1788032501935959,55.02366322175129,26,3,8360.294926017861,11937.5,POINT Z(11.932419981798375 49.96965529392211 -12646.380237350084)
2024-06-01 14:47:11.590000+00:00,49.99195,11.941716,10169.02,-29186.79,-25278.15,8781.25,0.23418773710727692,69.5800897041504,26,3,531.25,656.25,POINT Z(11.941716129853358 49.99195020158601 -10169.019426983805)
2024-06-01 14:51:16.490000+00:00,49.870546,12.145882,9921.54,-14628.63,-38837.54,10093.75,0.19583477079868317,142.39184734959616,26,6,2687.5,3000.0,POINT Z(12.145881502898808 49.870545846228616 -9921.54366768491)
2024-06-01 15:09:33.860000+00:00,50.36662,12.486274,7399.78,9665.65,16312.19,12593.75,0.44523558020591736,172.344632847289,25,11,69.87712429686843,375.0,POINT Z(12.486273571023245 50.36661958756454 -7399.7784679759625)
2024-06-01 15:18:51.400000+00:00,49.791801,11.978482,7289.46,-26669.1,-47547.24,2468.75,0.18949660658836365,0.0,26,2,9900.382726187912,3125.0,POINT Z(11.97848205185337 49.79180107824132 -7289.461924931141)
2024-06-01 15:19:41.100000+00:00,49.849283,12.067623,7755.48,-20246.09,-41183.61,8781.25,0.22813451290130615,45.509529567371885,26,4,88.38834764831844,2500.0,POINT Z(12.067623373003297 49.849282672983726 -7755.482931064684)
2024-06-01 15:39:26.550000+00:00,49.992556,12.131492,6405.25,-15620.23,-25267.71,13593.75,0.19306816160678864,181.41868050104313,26,5,3185.048076560227,1750.0,POINT Z(12.131492090564363 49.992556355879024 -6405.252007021336)
2024-06-01 15:45:01.620000+00:00,49.849998,12.156805,2086.02,-13851.7,-41124.39,8843.75,0.18600556254386902,0.0,26,2,13840.187182621483,9250.0,POINT Z(12.156804706362347 49.8499983389412 -2086.023993255714)
2024-06-01 15:45:28.220000+00:00,49.844462,11.953881,4738.19,-28404.02,-41682.59,8343.75,0.17490994930267334,54.74054654425828,26,3,1876.0413774754543,7250.0,POINT Z(11.953881472342205 49.84446209541217 -4738.1885764696335)
2024-06-01 15:46:13.690000+00:00,49.839493,11.958233,4242.08,-28094.88,-42236.78,7781.25,0.19773748517036438,54.43381540237215,26,3,508.7131436281158,2093.75,POINT Z(11.958233190340392 49.83949289694865 -4242.07605182951)
2024-06-01 15:54:15.640000+00:00,50.012908,12.057133,3018.5,-20926.93,-22986.5,16968.75,0.16408640146255493,120.51706306222616,26,3,31.25,1312.5,POINT Z(12.057133435588094 50.01290820597053 -3018.498478536987)
2024-06-01 15:59:48.480000+00:00,49.829405,12.007793,10870.56,-24545.97,-43375.99,6593.75,0.18244071304798126,0.0,26,2,589.6238207535378,2187.5,POINT Z(12.007792596722327 49.82940469123474 -10870.562088717112)
2024-06-01 16:06:50.840000+00:00,49.822144,12.168123,5529.91,-13047.71,-44223.71,5781.25,0.15145009756088257,0.0,25,1,12460.445229304609,5625.0,POINT Z(12.168123273535226 49.8221437673857 -5529.905539893532)
2024-06-01 16:08:36.100000+00:00,49.875291,12.018303,2261.73,-23769.46,-38277.13,11718.75,0.21294640004634857,80.13266644056188,25,3,88.38834764831844,2375.0,POINT Z(12.018302980396511 49.87529081017334 -2261.7323459988065)
2024-06-01 16:24:36.800000+00:00,49.829029,12.165885,2242.92,-13206.39,-43457.67,6531.25,0.18359464406967163,14.473511342372262,26,3,318.6887195995491,2750.0,POINT Z(12.165885073716105 49.8290293920801 -2242.924708185292)
2024-06-01 16:44:32.980000+00:00,50.558851,12.508234,2324.15,11177.77,37690.4,12343.75,0.16666659712791443,0.0,26,2,265.1650429449553,3000.0,POINT Z(12.508233730032744 50.55885105411592 -2324.15130345635)
2024-06-01 16:54:25.170000+00:00,49.971219,12.094542,5155.35,-18269.74,-27631.97,14906.25,0.18054351210594177,125.71425767555962,26,2,2691.4941250168094,937.5,POINT Z(12.094542011750539 49.97121853989 -5155.353689344748)
2024-06-01 17:17:57.810000+00:00,49.788457,12.167116,8433.55,-13129.15,-47969.34,2031.25,0.1730283796787262,0.0,25,2,850.0919067959652,2937.5,POINT Z(12.167115592348601 49.78845681790539 -8433.550890361503)
2024-06-01 17:33:20.760000+00:00,49.882889,12.051579,2402.46,-21381.52,-37442.3,12593.75,0.21241521835327148,0.0,25,2,6680.77933328141,6000.0,POINT Z(12.051579209561975 49.8828890535398 -2402.4582140273787)
2024-06-01 17:38:36.480000+00:00,49.828581,12.166105,670.63,-13190.74,-43507.56,6468.75,0.2327321469783783,4.12279325130163,25,3,988.2117688026185,1687.5,POINT Z(12.166105052881377 49.828581087095635 -670.6294618983677)
2024-06-01 17:43:59.290000+00:00,49.871294,12.146064,2144.79,-14615.33,-38754.42,11281.25,0.1581883281469345,0.0,25,2,840.8515029421069,2218.75,POINT Z(12.146063942181373 49.87129369484326 -2144.7885065836176)
2024-06-01 17:48:21.010000+00:00,50.545629,12.484432,14608.46,9499.08,36216.85,5406.25,0.11763988435268402,200.6068277699235,25,4,576.2215285808055,437.5,POINT Z(12.48443231547765 50.54562879207287 -14608.46181279938)
2024-06-01 17:50:56.270000+00:00,49.822589,11.880936,8565.74,-33649.79,-44084.48,4343.75,0.22551549971103668,87.70825794605179,25,5,88.38834764831844,2125.0,POINT Z(11.880936475031174 49.82258856217851 -8565.736466644805)
2024-06-01 17:56:20.380000+00:00,49.955568,12.067603,344.09,-20202.91,-29365.27,17781.25,0.14767895638942719,0.0,25,2,2180.345442814051,2625.0,POINT Z(12.067603046437844 49.955568105100355 -344.08587645758337)
2024-06-01 17:57:43.260000+00:00,49.971568,12.082566,2661.53,-19126.08,-27590.08,17343.75,0.1473899930715561,138.38360679433822,25,2,441.9417382415922,2125.0,POINT Z(12.082566185480951 49.97156833176633 -2661.530989364923)
2024-06-01 18:16:11.150000+00:00,49.838541,11.980126,9797.03,-26525.39,-42350.67,7656.25,0.2671380341053009,58.11741683050025,25,4,447.43190822738603,3375.0,POINT Z(11.980126263767835 49.83854067075057 -9797.03390896567)
2024-06-01 18:52:13.480000+00:00,50.008444,12.10552,866.55,-17471.1,-23495.37,19156.25,0.1836819350719452,47.453574875336756,25,3,752.5996611745185,2625.0,POINT Z(12.105519687497054 50.00844370754424 -866.5461648508438)
2024-06-01 18:57:31.600000+00:00,49.879481,12.147982,4314.29,-14475.39,-37844.4,12156.25,0.1688549667596817,136.31590816549203,25,2,356.3048203434806,687.5,POINT Z(12.147982367755068 49.87948102684512 -4314.289721677782)
2024-06-01 19:28:35.140000+00:00,49.888109,12.121889,3282.19,-16342.14,-36879.62,13093.75,0.22723102569580078,40.604031851855325,25,4,504.8592006688597,1437.5,POINT Z(12.121889112841048 49.88810910843707 -3282.192241826844)
2024-06-01 19:42:13.820000+00:00,50.199044,12.432266,135.32,5855.57,-2327.02,19906.25,0.2727649211883545,191.41515261042815,25,9,93.75,281.25,POINT Z(12.432266140361497 50.19904359644867 -135.31774160903174)
2024-06-01 19:43:20.120000+00:00,50.519893,12.472697,923.69,8674.54,33353.76,16656.25,0.20435191690921783,75.4456856003842,25,4,69.87712429686843,1375.0,POINT Z(12.472696545240158 50.51989326389395 -923.6876818489432)
2024-06-01 19:47:50.830000+00:00,49.886341,11.938076,11092.61,-29511.74,-37019.8,8468.75,0.14650848507881165,60.20721702891939,25,2,938.0206887377271,16000.0,POINT Z(11.938075615323186 49.88634094714868 -11092.611124172188)
2024-06-01 19:56:36.740000+00:00,49.834149,12.163523,1362.42,-13374.44,-42887.95,7093.75,0.2012139856815338,26.644325287607842,25,3,318.6887195995491,2875.0,POINT Z(12.163522512502212 49.834149248622964 -1362.4178233775674)
2024-06-01 20:00:23.110000+00:00,49.952295,12.095158,1878.68,-18232.86,-29736.3,18156.25,0.15207915008068085,67.03566152657419,25,3,12679.107445912745,2125.0,POINT Z(12.095158038591311 49.952295136734875 -1878.676285999412)
2024-06-01 20:01:32.770000+00:00,49.998401,11.933457,109.25,-29773.18,-24557.58,8218.75,0.15028589963912964,46.50449517697484,25,3,156.25,593.75,POINT Z(11.933457321977068 49.998401187329726 -109.24876956792743)
2024-06-01 20:05:58.770000+00:00,49.815833,12.147241,1417.98,-14547.69,-44921.54,5093.75,0.21768976747989655,56.767996861105985,25,3,69.87712429686843,593.75,POINT Z(12.147240962254424 49.81583332379282 -1417.9809392208872)
2024-06-01 20:10:09.730000+00:00,49.814964,12.053759,1772.06,-21255.23,-44995.83,4968.75,0.1956905871629715,19.137717021858236,25,4,88.38834764831844,1250.0,POINT Z(12.053759263200604 49.814963714361724 -1772.0632352506832)
2024-06-01 20:12:35.530000+00:00,49.958688,12.094377,7955.75,-18286.27,-29025.23,12031.25,0.18570788204669952,65.02068064061967,25,4,870.5242673240075,2125.0,POINT Z(12.094377453606658 49.95868824749501 -7955.749440613007)
2024-06-01 20:17:53.710000+00:00,49.828118,12.16692,1908.14,-13132.39,-43559.2,6468.75,0.22465726733207703,22.001981598249017,25,3,8168.632841546987,3500.0,POINT Z(12.166920274884154 49.82811793421647 -1908.1362593478814)
2024-06-01 20:29:56.810000+00:00,49.963209,12.013995,-19.63,-24034.24,-28499.75,13968.75,0.16614603996276855,7.088062793248753,25,4,712.6096406869613,2968.75,POINT Z(12.013994979784885 49.963209125642265 19.628710344017634)
2024-06-01 20:35:33.880000+00:00,49.830793,12.136442,1528.35,-15317.75,-43255.97,6781.25,0.15300992131233215,3.6100864144389107,25,2,3937.996000505841,16500.0,POINT Z(12.136441984960113 49.83079283255819 -1528.3542263045172)
2024-06-01 20:38:17.840000+00:00,49.991089,12.087676,1362.61,-18753.0,-25420.79,18593.75,0.17926719784736633,188.45305262476563,25,4,20067.269682246264,16125.0,POINT Z(12.087676227854105 49.9910889262602 -1362.6095203693437)
2024-06-01 20:39:41.380000+00:00,49.809503,12.094318,1976.42,-18347.2,-45613.83,4406.25,0.19042015075683594,57.1921558430285,25,2,976.7812255054864,7000.0,POINT Z(12.094318480474497 49.8095026336432 -1976.42400098745)
2024-06-01 20:48:12.770000+00:00,50.488455,12.462714,765.37,7974.09,29856.9,19281.25,0.17497463524341583,23.385852372696945,25,3,250.0,2062.5,POINT Z(12.462713992675631 50.48845529479348 -765.3693009183049)
2024-06-01 21:07:24.490000+00:00,49.89487,12.113878,2028.33,-16913.72,-36126.07,13906.25,0.15746288001537323,66.7350582430953,25,2,814.9003006503311,2750.0,POINT Z(12.113877599464747 49.89486993047383 -2028.3343743684354)
2024-06-01 21:18:34.990000+00:00,49.87338,12.012898,2194.11,-24157.74,-38487.92,11468.75,0.1727401316165924,0.0,25,2,139.75424859373686,1687.5,POINT Z(12.012897963074353 49.87337951253917 -2194.107784542571)
2024-06-01 21:29:24.700000+00:00,49.827887,11.953698,3463.26,-28426.93,-43525.53,6468.75,0.2740629017353058,30.840637258440836,25,3,391.56137769192713,2750.0,POINT Z(11.953698202310548 49.827887342230156 -3463.262897471439)
2024-06-01 21:34:19.520000+00:00,49.864398,12.149789,542.38,-14350.41,-39521.87,10468.75,0.1816989630460739,7.676344799744754,25,4,537.6453291901641,1625.0,POINT Z(12.149789196341217 49.86439829981922 -542.382923400195)
2024-06-01 21:47:37.240000+00:00,49.848316,12.003301,1084.25,-24858.4,-41271.67,8718.75,0.15797606110572815,0.0,25,1,197.64235376052372,6375.0,POINT Z(12.003300921878605 49.84831608136143 -1084.250700479205)
2024-06-01 21:59:27.870000+00:00,49.846316,12.175468,724.26,-12514.51,-41537.18,8468.75,0.19827790558338165,23.05708441035216,25,3,441.9417382415922,3000.0,POINT Z(12.175468317253939 49.846315630012455 -724.2606060044753)
2024-06-01 22:54:27.570000+00:00,49.91403,11.91121,8286.16,-31418.43,-33930.02,6593.75,0.21723352372646332,54.763426289973836,25,4,62.5,1000.0,POINT Z(11.911209692482046 49.91402974962066 -8286.164123879158)
2024-06-01 22:56:14.370000+00:00,49.866723,11.997559,9160.64,-25260.46,-39222.97,10781.25,0.13568134605884552,33.93653475048194,25,2,176.7766952966369,937.5,POINT Z(11.997558874996415 49.86672333717935 -9160.635124083492)
2024-06-01 23:10:56.690000+00:00,50.006935,12.049081,9327.36,-21504.96,-23648.44,10656.25,0.16404232382774353,0.0,25,2,450.6939094329987,468.75,POINT Z(12.049081427716406 50.00693456142638 -9327.359759358544)
2024-06-01 23:18:02.040000+00:00,50.619784,12.84003,9989.71,34571.22,44567.83,3406.25,0.13781660795211792,52.08583674895857,25,4,139.75424859373686,750.0,POINT Z(12.840029880443485 50.61978436196933 -9989.708966963266)
2024-06-01 23:29:25.130000+00:00,49.890605,12.065935,4164.48,-20349.67,-36588.35,13406.25,0.24502892792224884,23.598008932915548,25,3,345.1675317871019,1218.75,POINT Z(12.065935332752554 49.89060496636791 -4164.482841221611)
2024-06-01 23:30:59.400000+00:00,50.373179,12.475082,7755.55,8870.64,17040.19,12218.75,0.1871849000453949,181.45530157067253,25,4,3098.638814060135,6500.0,POINT Z(12.47508226650984 50.3731791140137 -7755.55013175372)
2024-06-01 23:31:42.620000+00:00,50.358011,12.500307,6178.69,10662.95,15356.88,13843.75,0.63639897108078,229.5427419158321,25,16,69.87712429686843,750.0,POINT Z(12.500307138496916 50.35801102763006 -6178.688597212802)
2024-06-01 23:44:19.230000+00:00,49.811901,12.109767,1544.53,-17237.76,-45350.81,4656.25,0.1446838229894638,58.73749597941173,25,2,4614.007206322937,16187.5,POINT Z(12.109767399881282 49.81190111199135 -1544.5346194412145)
